{
  "train_loss": [
    1.1824540039440532,
    0.6871960459797232,
    0.47804526555108595,
    0.3773093263173963,
    0.34210699655719706,
    0.329073971154185,
    0.300752500625881,
    0.28593969922344964,
    0.2914250883030462,
    0.2641831496143126,
    0.2599293262034923,
    0.24417170100249685,
    0.2599851593610134,
    0.24339459836483002,
    0.22189199397558565,
    0.23339457422293522,
    0.22261507807484082,
    0.22321413418798297,
    0.2044332095144971,
    0.19940457253104393,
    0.193146638857486,
    0.18883960597586255,
    0.18991052741939957,
    0.18823656021944574,
    0.18494639968549884,
    0.19063712690059129,
    0.1947233573374179,
    0.1859843457067335,
    0.17221947687233355,
    0.16841377962279963,
    0.17443892856438956,
    0.17151232001682123,
    0.14889704441097942,
    0.15503491158387414,
    0.17294172930891985,
    0.17900517836280233,
    0.1740648421114898,
    0.16610392443164512,
    0.16893034941424523,
    0.1613757978403219,
    0.16246785860307314,
    0.17048347350377757,
    0.15396278667859398,
    0.16976230002536968,
    0.16499101967961938,
    0.1581411903371682,
    0.15759913463917402,
    0.1448302134905044,
    0.16873339931103024,
    0.1739156461648039
  ],
  "train_acc": [
    48.8385269121813,
    74.61756373937678,
    82.54957507082153,
    86.96883852691218,
    87.87535410764872,
    87.36543909348443,
    89.51841359773371,
    90.48158640226629,
    90.08498583569406,
    91.61473087818698,
    90.36827195467423,
    91.72804532577904,
    90.93484419263456,
    92.29461756373938,
    92.29461756373938,
    92.06798866855524,
    92.12464589235128,
    92.06798866855524,
    92.57790368271955,
    93.59773371104816,
    93.88101983002832,
    93.48441926345609,
    93.14447592067988,
    93.25779036827196,
    93.14447592067988,
    93.54107648725213,
    93.54107648725213,
    93.48441926345609,
    93.88101983002832,
    93.8243626062323,
    94.39093484419263,
    93.88101983002832,
    95.07082152974505,
    94.44759206798867,
    94.05099150141643,
    94.44759206798867,
    94.1643059490085,
    94.95750708215297,
    94.3342776203966,
    94.27762039660057,
    93.93767705382436,
    94.27762039660057,
    94.73087818696884,
    94.39093484419263,
    94.6742209631728,
    94.6742209631728,
    94.56090651558074,
    94.56090651558074,
    94.05099150141643,
    94.05099150141643
  ],
  "val_acc": [
    58.701298701298704,
    81.81818181818181,
    87.01298701298701,
    90.3896103896104,
    89.6103896103896,
    91.16883116883118,
    92.20779220779221,
    92.72727272727273,
    93.24675324675324,
    92.46753246753246,
    91.42857142857143,
    94.8051948051948,
    93.50649350649351,
    92.46753246753246,
    94.28571428571429,
    93.50649350649351,
    93.50649350649351,
    92.98701298701299,
    94.8051948051948,
    94.28571428571429,
    94.8051948051948,
    93.76623376623377,
    95.32467532467533,
    95.06493506493507,
    95.06493506493507,
    95.06493506493507,
    94.8051948051948,
    95.06493506493507,
    94.8051948051948,
    94.28571428571429,
    94.02597402597402,
    94.54545454545455,
    94.8051948051948,
    94.28571428571429,
    93.50649350649351,
    93.76623376623377,
    95.06493506493507,
    94.8051948051948,
    94.8051948051948,
    94.28571428571429,
    95.06493506493507,
    95.32467532467533,
    95.32467532467533,
    94.54545454545455,
    94.54545454545455,
    95.32467532467533,
    95.58441558441558,
    95.06493506493507,
    95.06493506493507,
    95.58441558441558
  ],
  "learning_rates": [
    0.0001,
    0.0001,
    0.0001,
    0.0001,
    0.0001,
    0.0001,
    0.0001,
    0.0001,
    0.0001,
    0.0001,
    0.0001,
    0.0001,
    0.0001,
    0.0001,
    0.0001,
    0.0001,
    0.0001,
    5e-05,
    5e-05,
    5e-05,
    5e-05,
    5e-05,
    5e-05,
    5e-05,
    5e-05,
    5e-05,
    5e-05,
    5e-05,
    2.5e-05,
    2.5e-05,
    2.5e-05,
    2.5e-05,
    2.5e-05,
    2.5e-05,
    1.25e-05,
    1.25e-05,
    1.25e-05,
    1.25e-05,
    1.25e-05,
    1.25e-05,
    6.25e-06,
    6.25e-06,
    6.25e-06,
    6.25e-06,
    6.25e-06,
    6.25e-06,
    6.25e-06,
    6.25e-06,
    6.25e-06,
    6.25e-06
  ],
  "best_acc": 95.58441558441558,
  "best_epoch": 47,
  "total_params": 703044
}