{
  "train_loss": [
    1.1039719168130342,
    0.6186821125112139,
    0.4532155744932793,
    0.39501889110416977,
    0.34770609841153427,
    0.29329207536202295,
    0.29085504676441887,
    0.2661511398482699,
    0.2878116329980863,
    0.2463533856511653,
    0.25480470444738595,
    0.22063833114330297,
    0.24597587904615983,
    0.2472407221206808,
    0.22176625621547033,
    0.19789930724178081,
    0.20604094689678368,
    0.21372522746825273,
    0.20882594397476129,
    0.17426045929073347,
    0.200404580279782,
    0.2037464163165439,
    0.17564450940201143,
    0.204564036360967,
    0.17438157149464698,
    0.16676472348521823,
    0.18314835727047007,
    0.18667693636673796,
    0.16883570508955903,
    0.1763856921508606,
    0.1615694978647773,
    0.1666831246258372,
    0.15908206149155424,
    0.17136349294099723,
    0.1467232174504347,
    0.15041518511527494,
    0.14139269766406165,
    0.14180832288253145,
    0.12755435450329772,
    0.14367579962001056,
    0.12916308752814862,
    0.10015574543682339,
    0.15124130569532648,
    0.13827286507967892,
    0.149019823768302,
    0.1084459040068543,
    0.14485457729808315,
    0.11568840498761232,
    0.13451347867423366,
    0.14943548140145796
  ],
  "train_acc": [
    55.920679886685555,
    78.30028328611898,
    83.85269121813032,
    87.25212464589235,
    88.04532577903683,
    89.91501416430594,
    90.19830028328612,
    91.21813031161473,
    90.36827195467423,
    91.10481586402267,
    91.78470254957507,
    92.63456090651557,
    91.61473087818698,
    91.89801699716713,
    92.52124645892351,
    93.08781869688386,
    93.31444759206799,
    92.40793201133144,
    93.31444759206799,
    93.93767705382436,
    93.71104815864022,
    93.20113314447592,
    93.71104815864022,
    93.48441926345609,
    94.39093484419263,
    94.6742209631728,
    94.1643059490085,
    94.3342776203966,
    95.12747875354107,
    93.9943342776204,
    95.12747875354107,
    95.01416430594901,
    95.24079320113314,
    94.84419263456091,
    95.63739376770538,
    95.58073654390935,
    95.24079320113314,
    95.58073654390935,
    95.52407932011332,
    95.86402266288952,
    96.20396600566572,
    96.88385269121812,
    95.97733711048159,
    95.97733711048159,
    95.1841359773371,
    96.8271954674221,
    95.52407932011332,
    96.54390934844193,
    95.46742209631728,
    95.52407932011332
  ],
  "val_acc": [
    72.72727272727273,
    84.67532467532467,
    88.57142857142857,
    88.57142857142857,
    91.68831168831169,
    90.3896103896104,
    91.42857142857143,
    92.72727272727273,
    91.42857142857143,
    93.76623376623377,
    94.54545454545455,
    93.24675324675324,
    94.02597402597402,
    94.28571428571429,
    93.76623376623377,
    93.50649350649351,
    95.32467532467533,
    95.32467532467533,
    93.76623376623377,
    95.06493506493507,
    95.58441558441558,
    94.54545454545455,
    94.28571428571429,
    95.32467532467533,
    94.28571428571429,
    95.06493506493507,
    96.88311688311688,
    95.06493506493507,
    96.1038961038961,
    94.54545454545455,
    95.84415584415585,
    95.84415584415585,
    94.54545454545455,
    96.88311688311688,
    95.84415584415585,
    96.36363636363636,
    96.36363636363636,
    96.62337662337663,
    95.58441558441558,
    96.36363636363636,
    96.62337662337663,
    96.62337662337663,
    96.62337662337663,
    96.36363636363636,
    96.62337662337663,
    96.36363636363636,
    96.36363636363636,
    96.62337662337663,
    96.88311688311688,
    96.36363636363636
  ],
  "learning_rates": [
    0.0001,
    0.0001,
    0.0001,
    0.0001,
    0.0001,
    0.0001,
    0.0001,
    0.0001,
    0.0001,
    0.0001,
    0.0001,
    0.0001,
    0.0001,
    0.0001,
    0.0001,
    0.0001,
    0.0001,
    0.0001,
    0.0001,
    0.0001,
    0.0001,
    0.0001,
    0.0001,
    0.0001,
    0.0001,
    0.0001,
    0.0001,
    0.0001,
    0.0001,
    0.0001,
    0.0001,
    0.0001,
    5e-05,
    5e-05,
    5e-05,
    5e-05,
    5e-05,
    5e-05,
    2.5e-05,
    2.5e-05,
    2.5e-05,
    2.5e-05,
    2.5e-05,
    2.5e-05,
    1.25e-05,
    1.25e-05,
    1.25e-05,
    1.25e-05,
    1.25e-05,
    1.25e-05
  ],
  "best_acc": 96.88311688311688,
  "best_epoch": 27,
  "total_params": 663492
}