{
  "val_acc": 82.33766233766234,
  "f1_macro": 0.7468773005812933,
  "f1_weighted": 0.8240292121708492,
  "classifier_type": "random_forest",
  "use_all_bands": false,
  "n_features": 17,
  "class_names": [
    "dua",
    "lua",
    "mia",
    "tram"
  ]
}